,naive_trainaccs_1000.0,naive_trainaccs_100.0,naive_trainaccs_10.0,naive_trainaccs_1.0,naive_trainaccs_0.1,naive_trainaccs_0.01,naive_trainaccs_0.001,naive_testobsaccs_1000.0,naive_testobsaccs_100.0,naive_testobsaccs_10.0,naive_testobsaccs_1.0,naive_testobsaccs_0.1,naive_testobsaccs_0.01,naive_testobsaccs_0.001,naive_testctaccs_1000.0,naive_testctaccs_100.0,naive_testctaccs_10.0,naive_testctaccs_1.0,naive_testctaccs_0.1,naive_testctaccs_0.01,naive_testctaccs_0.001,causalrep_trainaccs_1000.0,causalrep_trainaccs_100.0,causalrep_trainaccs_10.0,causalrep_trainaccs_1.0,causalrep_trainaccs_0.1,causalrep_trainaccs_0.01,causalrep_trainaccs_0.001,causalrep_testobsaccs_1000.0,causalrep_testobsaccs_100.0,causalrep_testobsaccs_10.0,causalrep_testobsaccs_1.0,causalrep_testobsaccs_0.1,causalrep_testobsaccs_0.01,causalrep_testobsaccs_0.001,causalrep_testctaccs_1000.0,causalrep_testctaccs_100.0,causalrep_testctaccs_10.0,causalrep_testctaccs_1.0,causalrep_testctaccs_0.1,causalrep_testctaccs_0.01,causalrep_testctaccs_0.001,dataset,datsubsample,n_restarts,steps,hidden_dim,l2_reg,lr,mode,z_dim,batch_size,num_features,input_dim,vae_epochs,spurious_corr,alter_freq,mode_latent,mode_train_data,randseed
0,0.97978505629478,0.9792732855680655,0.9813203684749232,0.9923234390992836,0.9974411463664279,1.0,1.0,0.9692780337941628,0.9685099846390169,0.9692780337941628,0.9708141321044547,0.9746543778801844,0.9731182795698925,0.9723502304147466,0.02223926380368098,0.023006134969325152,0.023006134969325152,0.023773006134969327,0.023006134969325152,0.024539877300613498,0.02530674846625767,0.5281473899692938,0.5281473899692938,0.5281473899692938,0.5281473899692938,0.5281473899692938,0.9506141248720573,0.9754350051177073,0.5345622119815668,0.5345622119815668,0.5345622119815668,0.5345622119815668,0.5345622119815668,0.9423963133640553,0.9623655913978495,0.5061349693251533,0.5061349693251533,0.5061349693251533,0.5061349693251533,0.5061349693251533,0.046012269938650305,0.024539877300613498,toxigen,10000,1,2001,128,0.001,0.01,linear,1000,200,5,0,101,0.9,50,pcaz,text,44320522
