,naive_trainaccs_1000.0,naive_trainaccs_100.0,naive_trainaccs_10.0,naive_trainaccs_1.0,naive_trainaccs_0.1,naive_trainaccs_0.01,naive_trainaccs_0.001,naive_testobsaccs_1000.0,naive_testobsaccs_100.0,naive_testobsaccs_10.0,naive_testobsaccs_1.0,naive_testobsaccs_0.1,naive_testobsaccs_0.01,naive_testobsaccs_0.001,naive_testctaccs_1000.0,naive_testctaccs_100.0,naive_testctaccs_10.0,naive_testctaccs_1.0,naive_testctaccs_0.1,naive_testctaccs_0.01,naive_testctaccs_0.001,causalrep_trainaccs_1000.0,causalrep_trainaccs_100.0,causalrep_trainaccs_10.0,causalrep_trainaccs_1.0,causalrep_trainaccs_0.1,causalrep_trainaccs_0.01,causalrep_trainaccs_0.001,causalrep_testobsaccs_1000.0,causalrep_testobsaccs_100.0,causalrep_testobsaccs_10.0,causalrep_testobsaccs_1.0,causalrep_testobsaccs_0.1,causalrep_testobsaccs_0.01,causalrep_testobsaccs_0.001,causalrep_testctaccs_1000.0,causalrep_testctaccs_100.0,causalrep_testctaccs_10.0,causalrep_testctaccs_1.0,causalrep_testctaccs_0.1,causalrep_testctaccs_0.01,causalrep_testctaccs_0.001,dataset,datsubsample,n_restarts,steps,hidden_dim,l2_reg,lr,mode,z_dim,batch_size,num_features,input_dim,vae_epochs,spurious_corr,alter_freq,mode_latent,mode_train_data,randseed
0,0.9746673490276356,0.9762026612077789,0.9764585465711362,0.9923234390992836,0.9966734902763562,0.9997441146366428,0.9997441146366428,0.966973886328725,0.9639016897081413,0.9639016897081413,0.9646697388632872,0.967741935483871,0.966973886328725,0.967741935483871,0.026840490797546013,0.019938650306748466,0.02147239263803681,0.019938650306748466,0.024539877300613498,0.02530674846625767,0.02530674846625767,0.5383828045035824,0.5383828045035824,0.5383828045035824,0.5424769703172978,0.5394063459570113,0.941914022517912,0.9628966223132037,0.543010752688172,0.543010752688172,0.543010752688172,0.5414746543778802,0.5368663594470046,0.9293394777265745,0.9615975422427036,0.5291411042944786,0.5291411042944786,0.5291411042944786,0.5245398773006135,0.5283742331288344,0.06595092024539877,0.04217791411042945,toxigen,10000,1,2001,128,0.001,0.01,linear,1000,200,5,0,101,0.9,50,pcaz,text,47590116
