,naive_trainaccs_1000.0,naive_trainaccs_100.0,naive_trainaccs_10.0,naive_trainaccs_1.0,naive_trainaccs_0.1,naive_trainaccs_0.01,naive_trainaccs_0.001,naive_testobsaccs_1000.0,naive_testobsaccs_100.0,naive_testobsaccs_10.0,naive_testobsaccs_1.0,naive_testobsaccs_0.1,naive_testobsaccs_0.01,naive_testobsaccs_0.001,naive_testctaccs_1000.0,naive_testctaccs_100.0,naive_testctaccs_10.0,naive_testctaccs_1.0,naive_testctaccs_0.1,naive_testctaccs_0.01,naive_testctaccs_0.001,causalrep_trainaccs_1000.0,causalrep_trainaccs_100.0,causalrep_trainaccs_10.0,causalrep_trainaccs_1.0,causalrep_trainaccs_0.1,causalrep_trainaccs_0.01,causalrep_trainaccs_0.001,causalrep_testobsaccs_1000.0,causalrep_testobsaccs_100.0,causalrep_testobsaccs_10.0,causalrep_testobsaccs_1.0,causalrep_testobsaccs_0.1,causalrep_testobsaccs_0.01,causalrep_testobsaccs_0.001,causalrep_testctaccs_1000.0,causalrep_testctaccs_100.0,causalrep_testctaccs_10.0,causalrep_testctaccs_1.0,causalrep_testctaccs_0.1,causalrep_testctaccs_0.01,causalrep_testctaccs_0.001,dataset,datsubsample,n_restarts,steps,hidden_dim,l2_reg,lr,mode,z_dim,batch_size,num_features,input_dim,vae_epochs,spurious_corr,alter_freq,mode_latent,mode_train_data,randseed
0,0.9721084953940634,0.9721084953940634,0.9838792221084954,0.9946264073694985,0.9969293756397134,1.0,1.0,0.9646697388632872,0.9646697388632872,0.9623655913978495,0.9646697388632872,0.967741935483871,0.967741935483871,0.967741935483871,0.02147239263803681,0.02147239263803681,0.024539877300613498,0.02147239263803681,0.023006134969325152,0.023006134969325152,0.023773006134969327,0.5314738996929376,0.5314738996929376,0.5314738996929376,0.5314738996929376,0.5537359263050153,0.9437052200614124,0.9649437052200615,0.5253456221198156,0.5253456221198156,0.5253456221198156,0.5253456221198156,0.5407066052227343,0.9500768049155146,0.9700460829493087,0.5199386503067485,0.5199386503067485,0.5199386503067485,0.5199386503067485,0.49003067484662577,0.04677914110429448,0.027607361963190184,toxigen,10000,1,2001,128,0.001,0.01,linear,1000,200,5,0,101,0.9,50,pcaz,text,44836564
