CE Loss,KL wrt Orig
2.9625209832191466,0.5481922394409776
