CE Loss,KL wrt Orig
7.271817061901093,5.013129876554013
