CE Loss,KL wrt Orig
2.8694532144069673,0.46208766270428897
