CE Loss,KL wrt Orig
7.469079709053039,5.055716595053672
