CE Loss,KL wrt Orig
2.8037408769130705,0.4687219198793173
