CE Loss,KL wrt Orig
2.6675549536943435,0.19422485746443272
