CE Loss,KL wrt Orig
2.9486768436431885,0.5199921867251396
