CE Loss,KL wrt Orig
2.8660003119707107,0.4652083694934845
