CE Loss,KL wrt Orig
7.478167845010757,5.308469422161579
