CE Loss,KL wrt Orig
3.494974694252014,1.1148876694589853
