CE Loss,KL wrt Orig
2.8046907794475557,0.4838429483026266
