CE Loss,KL wrt Orig
14.013111977577209,11.520841445922851
