CE Loss,KL wrt Orig
13.38349871635437,11.047740449905396
