CE Loss,KL wrt Orig
11.76950511455536,9.581191329956054
