CE Loss,KL wrt Orig
2.4305356526374817,0.4156431556865573
