CE Loss,KL wrt Orig
12.843265688419342,9.978711585998536
