CE Loss,KL wrt Orig
8.50553994178772,6.450091609358788
