CE Loss,KL wrt Orig
2.3168487429618834,0.021021878903266043
