CE Loss,KL wrt Orig
3.1104292368888853,0.7147279492020607
