CE Loss,KL wrt Orig
2.811413983106613,0.4827955273538828
