CE Loss,KL wrt Orig
2.6974688082933427,0.7250782788544893
