CE Loss,KL wrt Orig
2.330685069561005,0.23319960800930858
