CE Loss,KL wrt Orig
2.3203319776058198,0.04163214351050556
