CE Loss,KL wrt Orig
2.1864103370904924,0.07774188159964979
