CE Loss,KL wrt Orig
2.1724340534210205,0.02116876246407628
