CE Loss,KL wrt Orig
6.3119823312759396,4.680465132296085
