CE Loss,KL wrt Orig
4.486311311125755,2.8611432845145464
