CE Loss,KL wrt Orig
2.653053552508354,0.3734137775748968
