CE Loss,KL wrt Orig
13.61034797668457,10.801650018692017
