CE Loss,KL wrt Orig
9.63355766415596,7.460506021417677
