CE Loss,KL wrt Orig
2.223186576962471,0.04604775862302631
