CE Loss,KL wrt Orig
2.9626828801631926,0.653417577110231
