CE Loss,KL wrt Orig
3.405992375612259,0.9871265706419945
