CE Loss,KL wrt Orig
8.246166681051255,6.49482520699501
