CE Loss,KL wrt Orig
2.8320101845264434,0.40566326193511487
