CE Loss,KL wrt Orig
2.629390402436256,0.5959557359479368
