CE Loss,KL wrt Orig
2.319102054834366,0.04002981157042086
