CE Loss,KL wrt Orig
8.173327227830887,5.805092143639922
