CE Loss,KL wrt Orig
8.358939113616943,6.036669183969497
