CE Loss,KL wrt Orig
2.2404607409238815,0.0709265301655978
