CE Loss,KL wrt Orig
2.3541418778896332,0.06694384700618684
