CE Loss,KL wrt Orig
2.2134561061859133,0.01940863170195371
