CE Loss,KL wrt Orig
2.1803309017419816,0.055021334113553165
