CE Loss,KL wrt Orig
8.86062177658081,6.556318933367729
