CE Loss,KL wrt Orig
13.112047369480132,11.04689240336418
