CE Loss,KL wrt Orig
2.2415377628803252,0.028734022211283447
