CE Loss,KL wrt Orig
14.10388635635376,9.187862567901611
