CE Loss,KL wrt Orig
13.59105274438858,11.129510830044746
