CE Loss,KL wrt Orig
3.099218811392784,0.7588101721554995
