CE Loss,KL wrt Orig
13.850243263244629,11.457032637000085
