CE Loss,KL wrt Orig
13.655618238449097,11.567907347679139
