CE Loss,KL wrt Orig
2.1773566514253617,0.04849408066365868
