CE Loss,KL wrt Orig
2.742185958623886,0.7793038347736001
