CE Loss,KL wrt Orig
11.57039692878723,9.275307664871216
