CE Loss,KL wrt Orig
13.518494071960449,8.547778582572937
