CE Loss,KL wrt Orig
2.8466768795251847,0.5517971261963248
