CE Loss,KL wrt Orig
2.6435741531848906,0.5822278363630176
