CE Loss,KL wrt Orig
2.217607842087746,0.039271916644647714
