CE Loss,KL wrt Orig
2.558397200703621,0.27452369056642056
