CE Loss,KL wrt Orig
13.59217652797699,11.476299395561218
