CE Loss,KL wrt Orig
3.4842333620786667,1.1192076467908918
