CE Loss,KL wrt Orig
2.670347011089325,0.8472549188882113
