CE Loss,KL wrt Orig
5.921385643482208,4.524924389570952
