CE Loss,KL wrt Orig
14.204324598312377,8.889504981040954
