CE Loss,KL wrt Orig
2.323480180501938,0.06876991094555705
