CE Loss,KL wrt Orig
13.860138521194457,9.298199653625488
