CE Loss,KL wrt Orig
2.2243225890398026,0.06720841659232973
