CE Loss,KL wrt Orig
12.126640651226044,10.039618780612946
