CE Loss,KL wrt Orig
3.2506265687942504,1.4626520162820815
