CE Loss,KL wrt Orig
15.038907346725464,12.402387828826905
