CE Loss,KL wrt Orig
13.511424689292907,10.849795230031013
