CE Loss,KL wrt Orig
8.247028865814208,6.709848049879074
