CE Loss,KL wrt Orig
2.352937446832657,0.03430153532186523
