CE Loss,KL wrt Orig
6.212627165317535,5.01263449549675
