CE Loss,KL wrt Orig
2.2523639208078383,0.1019967170804739
