CE Loss,KL wrt Orig
2.7766745471954346,0.3550872261822224
