CE Loss,KL wrt Orig
9.40844929933548,6.859396534413099
