CE Loss,KL wrt Orig
2.52485537648201,0.4388579849153757
