CE Loss,KL wrt Orig
12.082702651023865,9.238887680917978
