MC1,MC2,CE Loss,KL wrt Orig
0.23037974683544304,0.39980311297135074,2.2881652474403382,0.1062449423596263
