CE Loss,KL wrt Orig
8.083773994445801,5.655822517871857
