CE Loss,KL wrt Orig
2.5463878047466277,0.2969725935161114
