CE Loss,KL wrt Orig
11.721284313201904,8.869451971054078
