CE Loss,KL wrt Orig
2.465398154258728,0.22380874447524549
