CE Loss,KL wrt Orig
2.3087208712100984,9.303857896156842e-05
