CE Loss,KL wrt Orig
3.836121891736984,2.1665298201143743
