CE Loss,KL wrt Orig
2.906932089328766,0.7074572253227234
