CE Loss,KL wrt Orig
4.827334216833115,3.0163931238651274
