CE Loss,KL wrt Orig
2.32419241130352,0.08393759720027447
