CE Loss,KL wrt Orig
3.6988845825195313,1.450258683860302
