CE Loss,KL wrt Orig
2.680638678073883,0.49226013347506525
