CE Loss,KL wrt Orig
2.267181983590126,0.0003020480417762883
