CE Loss,KL wrt Orig
2.7045321583747866,0.5092592297494412
