CE Loss,KL wrt Orig
2.2801405876874923,0.029727685349062085
