CE Loss,KL wrt Orig
2.51395982503891,0.47886148683726787
