CE Loss,KL wrt Orig
7.828337783813477,5.643654325008392
