CE Loss,KL wrt Orig
11.343718709945678,8.52010362148285
