CE Loss,KL wrt Orig
2.6616537404060363,0.2969031563401222
