CE Loss,KL wrt Orig
2.605494428873062,0.22529599629342556
