CE Loss,KL wrt Orig
2.6141344332695007,0.2494998862966895
