CE Loss,KL wrt Orig
2.650223830938339,0.28052126489579676
